選挙区,定員,立候補者氏名,"立候補者氏名（かな）",性別,年齢,党派,新 現 元,ウェブサイト,Twitter URL,Facebook ID,YouTube URL,Instagram ID,Google+ URL,処理エラー
千代田区,,,,,,,,,,,,,,
,,ひぐちたかあき,ひぐち　たかあき,男,34,都民ファーストの会,新,http://h-takaaki.or.jp,https://twitter.com/@higuchi_takaaki,https://www.facebook.com/higuchi.takaaki34/,,https://www.instagram.com/higuchi.takaaki34/,,
,,須賀かずお,すが　かずお,男,61,無所属,新,なし,,,,,,
,,中村あや,なかむら　あや,女,27,自由民主党,新,http://nakamuraaya.com,https://twitter.com/ayanakamura0702,https://www.facebook.com/1852140831718719,,https://www.instagram.com/ayanakamura0702/,,
,,ごとうてるき,ごとう　てるき,男,34,国民ファーストの会,新,http://gototeruki.web.fc2.com,,,,,,
中央区,,,,,,,,,,,,,,
,,森山高至,もりやま　たかし,男,51,無所属,新,http://www.toshi-kangaerukai.jp/,https://twitter.com/@mori_arch_econo,https://www.facebook.com/moriyamatakashi.jp/,,,,
,,立石はるやす,たていし　はるやす,男,75,無所属,現,http://立石はるやす.jp/,,http://www.facebook.com/tateishiharuyasu,,,,
,,西郷あゆ美,さいごう　あゆみ,女,32,都民ファーストの会,新,http://www.ayumi-m.com,,https://www.facebook.com/profile.php?id=100008945136346,,,,
,,さいとうかずえ,さいとう　かずえ,女,48,希望ファーストの会,新,https://www.facebook.com/Kibou1st,,https://www.facebook.com/Kibou1st#,,,,
,,石島ひでき,いしじま　ひでき,男,57,自由民主党,新,http://www.ishijimahideki.com/,https://twitter.com/#!/ishijimahideki,https://www.facebook.com/ishijimahideki,,,,
港区,,,,,,,,,,,,,,
,,入江のぶこ,いりえ　のぶこ,女,55,都民ファーストの会,新,https://tomin1minato.tokyo/,https://twitter.com/@irienobuko,https://www.facebook.com/IrieNobukoMinato/,https://www.youtube.com/channel/UCE4wl6JIFtBjESzCBa4SoZA,,,
,,かんの弘一,かんの　こういち,男,58,自由民主党,現,http://www.kanno-ko.com/,https://twitter.com/#!/kanno_TokyoMA,https://www.facebook.com/1795438734105315/,,,,
,,大塚たかあき,おおつか　たかあき,男,57,無所属,元,http://www.otsuka-t.jp,,https://www.facebook.com/takaaki.otsuka.58,,,,
,,染谷ふみ子,そめや　ふみこ,女,65,日本共産党,新,なし,,,,,,
,,なべ島ひさし,なべしま　ひさし,男,53,幸福実現党,新,http://www.nabeshima.tokyo/,https://twitter.com/@nabehisashi,https://www.facebook.com/nabehisashi,,,https://plus.google.com/u/0/117116612688864692953/,
,,きたしろ勝彦,きたしろ　かつひこ,男,72,自由民主党,現,http://www.kitashiro.gr.jp/,https://twitter.com/kitshiro_office,https://www.facebook.com/%E3%81%8D%E3%81%9F%E3%81%97%E3%82%8D%E5%8B%9D%E5%BD%A6-414748678897801/,,https://www.instagram.com/katsuhiko.kitashiro/?hl=ja,,
新宿区,,,,,,,,,,,,,,
,,古城まさお,こじょう　まさお,男,37,公明党,新,http://www.komei.or.jp/km/kojomasao/,,,https://www.youtube.com/embed/pMv2XBbDrn4?rel=0,,,
,,あおじまみ,あおじ　まみ,女,50,民進党,新,https://www.facebook.com/groups/625715320966200/?ref=aymt_homepage_panel,,https://www.facebook.com/allactivity?privacy_source=activity_log_top_menu,,,,
,,大山とも子,おおやま　ともこ,女,61,日本共産党,現,http://ohyama-tomoko.com,,https://www.facebook.com/%E5%A4%A7%E5%B1%B1%E3%81%A8%E3%82%82%E5%AD%90%E4%BA%8B%E5%8B%99%E6%89%80-341097192660414/,,,,
,,大門さちえ,だいもん　さちえ,女,48,自由民主党,現,http://sachiedaimon.com/,,https://www.facebook.com/sachie.daimon,,,,
,,森口つかさ,もりぐち　つかさ,男,35,都民ファーストの会,新,https://www.tsukasa-moriguchi.info/,https://twitter.com/@tsukasamorigu,https://www.facebook.com/tsukasa.moriguchi.yy/,,,,
,,秋田一郎,あきた　いちろう,男,51,自由民主党,現,http://www.akita160.jp/,,,,,,
,,浜野秀昭,はまの　ひであき,男,37,無所属,新,http://hamano.black/,https://twitter.com/@sevenchord7,https://www.facebook.com/hideaki.hamano.5,,https://www.instagram.com/syachi9.black/,,
文京区,,,,,,,,,,,,,,
,,なかや文孝,なかや　ふみたか,男,51,自由民主党,現,http://f-nakaya.jp/,,http://www.facebook.com/profile.php?id=100008584295400,,,,
,,福手ゆう子,ふくて　ゆうこ,女,40,日本共産党,新,http://yufukute.exblog.jp/,https://twitter.com/@Excite_blog,,,,,
,,増子ひろき,ますこ　ひろき,男,57,都民ファーストの会,元,http://masuko.tokyo,,,,,,
台東区,,,,,,,,,,,,,,
,,いずみひろし,いずみ　ひろし,男,60,自由民主党,現,http://www.izumi-hiroshi.tokyo,,,,,,
,,小柳しげる,こやなぎ　しげる,男,44,日本共産党,新,なし,,,,,,
,,中山ひろゆき,なかやま　ひろゆき,男,45,無所属,現,http://www.nakayama-hiroyuki.jp,,https://www.facebook.com/nakayamahiroyuki.shitamachi/,,,,
,,保坂まさひろ,ほさか　まさひろ,男,43,都民ファーストの会,新,https://www.hosakamasahiro.com,,,,,,
,,武田完兵,たけだ　かんべえ,男,69,無所属,新,なし,,,,,,
墨田区,,,,,,,,,,,,,,
,,伊藤大気,いとう　だいき,男,38,日本共産党,新,http://kouho.jcp-tokyo.net/ito/,https://twitter.com/ozone728,https://www.facebook.com/daiki.itho,https://www.youtube.com/channel/UCSqDO_lzfv8yWl-QtW1dRDA,,,
,,川松真一朗,かわまつ　しんいちろう,男,36,自由民主党,現,https://kawamatsu2011.com/,https://twitter.com/@kawamatsushin16,https://www.facebook.com/%E5%B7%9D%E6%9D%BE%E7%9C%9F%E4%B8%80%E6%9C%97-529350280606639/,,,,
,,桜井ひろゆき,さくらい　ひろゆき,男,51,自由民主党,現,http://www.h-sakurai.jp/,https://twitter.com/SakuraiHiroyuki,http://www.facebook.com/profile.php?id=100002687443679,https://www.youtube.com/user/sakuraidouga,,,
,,加藤まさゆき,かとう　まさゆき,男,52,公明党,現,http://www.komei.or.jp/km/kato-masayuki,https://twitter.com/komei_koho,,,,,
,,なりきよりさ子,なりきよ　りさこ,女,27,都民ファーストの会,新,http://risakonarikiyo.com,https://twitter.com/narikiyorisako,https://www.facebook.com/risakonarikiyo/?ref=aymt_homepage_panel,,,,
江東区,,,,,,,,,,,,,,
,,白戸太朗,しらと　たろう,男,50,都民ファーストの会,新,http://www.shiratotaro.com ,https://twitter.com/maidotaro,https://www.facebook.com/groups/1315443538574344/,,,,
,,高橋めぐみ,たかはし　めぐみ,女,48,自由民主党,新,http://megutaka.jp/,https://twitter.com/takahashimegumi,https://www.facebook.com/megumi.takahashi.37454,,,,
,,細田いさむ,ほそだ　いさむ,男,56,公明党,新,http://www.isamu-hosoda.jp/,,https://www.facebook.com/hosoda.isamu/,,,,
,,やまざき一輝,やまざき　いっき,男,44,自由民主党,現,http://www.ikki-y.jp/,,https://www.facebook.com/YAMAZAKI.ikki/,,https://www.instagram.com/ikki.yamazaki/,,
,,柿沢ゆきえ,かきざわ　ゆきえ,女,47,無所属,現,http://nogamiyukie.com/,https://twitter.com/nogamiyukie,,,,,
,,大沢のぼる,おおさわ　のぼる,男,52,民進党,元,http://www.0038.jp,,https://www.facebook.com/noboru.osawa.52,,,,
,,古賀美子,こが　よしこ,女,48,無所属,新,https://lineblog.me/casinomimi/,,,,,,
,,あぜ上三和子,あぜがみ　みわこ,女,61,日本共産党,現,http://azegami-miwako-jcp.info/,https://twitter.com/@miwako_azegami,http://www.facebook.com/%E6%97%A5%E6%9C%AC%E5%85%B1%E7%94%A3%E5%85%9A-%E3%81%82%E3%81%9C%E4%B8%8A%E4%B8%89%E5%92%8C%E5%AD%90-221106978332022/,https://www.youtube.com/channel/UCSQzCUN9cW_u5pOw-Xw5c3Q,,,
,,表なつこ,おもて　なつこ,女,33,幸福実現党,新,http://www.omote-natsuko.com,,,,,,
品川区,,,,,,,,,,,,,,
,,田中たけし,たなか　たけし,男,54,自由民主党,現,http://tanaka-takeshi.com,,,,,,
,,白石たみお,しらいし　たみお,男,35,日本共産党,現,http://S-tamio.net,https://twitter.com/tamioshiraishi,https://www.facebook.com/jcp.shiraishi.tamio/,https://www.youtube.com/user/shiraishitamio/videos?shelf_id=0&view=0&sort=dd,,,
,,もりさわ恭子,もりさわ　きょうこ,女,38,都民ファーストの会,新,http://kyokomorisawa.jp,,https://www.facebook.com/kyokomorisawa2017,,,,
,,沢田ひろかず,さわだ　ひろかず,男,36,自由民主党,新,http://www.sawada-hirokazu.com,https://twitter.com/SawadaHirokazu,https://www.facebook.com/hirokazu800815/,,https://www.instagram.com/hirokazu800815/?hl=ja,,
,,伊藤こういち,いとう　こういち,男,56,公明党,現,http://www.koichi-ito.net,,,,,,
,,あべ祐美子,あべ　ゆみこ,女,52,民進党,新,http://www.abeyumiko.com,https://twitter.com/abe_shinagawa,https://www.facebook.com/abeyumiko.shinagawa/,,,,
,,山内あきら,やまうち　あきら,男,48,都民ファーストの会,現,http://www.a-yamauchi.com,https://twitter.com/@akira_yamauchi8,https://www.facebook.com/akira.yamauchi.2407,,,,
目黒区,,,,,,,,,,,,,,
,,斉藤やすひろ,さいとう　やすひろ,男,54,公明党,現,http://www.saitou-yasuhiro.com/,https://twitter.com/yasuhirosaitou,https://www.facebook.com/saito.yasuhiro.meguro/,https://www.youtube.com/user/saitouchannel,,,
,,星見てい子,ほしみ　ていこ,女,59,日本共産党,新,http://kouho.jcp-tokyo.net/hoshimi,https://twitter.com/hoshimiteiko,https://www.facebook.com/teiko.hosimi,,,,
,,鈴木隆道,すずき　たかみち,男,66,自由民主党,現,http://s-takamichi.com/,,,,,,
,,伊藤ゆう,いとう　ゆう,男,40,都民ファーストの会,元,http://www.itoyuu.tokyo/,,,,,,
,,栗山よしじ,くりやま　よしじ,男,47,自由民主党,現,http://kuriyama-yoshiji.com/,,https://www.facebook.com/profile.php?id=100009546672747,,,,
大田区,,,,,,,,,,,,,,
,,藤井一,ふじい　はじめ,男,63,公明党,現,http://www.hajimeclub.net/,https://twitter.com/komei_koho,https://www.facebook.com/hajime.fujii.773,https://www.youtube.com/user/Newkomeito,,,
,,みぞぐち晃一,みぞぐち　こういち,男,48,無所属,新,http://www.koichi-mizoguchi.com,,,,,,
,,藤田りょうこ,ふじた　りょうこ,女,42,日本共産党,新,http://r-fujita.jcp-ota.jp/,https://twitter.com/ryokofujitajcp,,,,,
,,神林茂,かみばやし　しげる,男,64,自由民主党,現,http://www.s-kamibayashi-senkyo.com,https://twitter.com/kamibayashi210,https://www.facebook.com/groups/1743869689250587/,,,,
,,もり愛,もり　あい,女,40,都民ファーストの会,新,http://www.spyros.tokyo/moriai/moriaiHP/,,https://www.facebook.com/moriai.net/,,,,
,,すどうえいじ,すどう　えいじ,男,48,無所属,新,http://www3.point.ne.jp/~dh18eberharter,http://twitter.com/sudoeiji,https://www.facebook.com/eiji.sudo.1,,,,
,,鈴木あきまさ,すずき　あきまさ,男,59,自由民主党,現,http://www.akimasa.info,,,,,,
,,遠藤守,えんどう　まもる,男,50,公明党,現,http://endomamoru.com/,,https://www.facebook.com/profile.php?id=100010235494142,,,,
,,鈴木あきひろ,すずき　あきひろ,男,54,自由民主党,現,http://www.akihiro3708.com,,https://www.facebook.com/Akihiro.s3708?fref=ts,,,,
,,沢田大作,さわだ　だいさく,男,38,民進党,新,http://d139.jp,https://twitter.com/d139_jp,https://www.facebook.com/d139.jp/,,,,
,,栗下善行,くりした　ぜんこう,男,34,都民ファーストの会,元,http://kurishitazenko.jp,https://twitter.com/zkurishi,,,,,
,,やながせ裕文,やながせ　ひろふみ,男,42,日本維新の会,現,http://www.yanagase.org,https://twitter.com/yanagase_ootaku,https://www.facebook.com/yanagasehirofumi,http://www.youtube.com/user/YanagaseChannel,,,
,,飯田佳宏,いいだ　よしひろ,男,44,地方議員ゼロの会,新,なし,,,,,,
,,佐藤伸,さとう　しん,男,43,日本共産党,新,http://www.shin310.net/,https://twitter.com/shinsato0302,http://www.facebook.com/share.php?u=http://www.shin310.net/,,,,
,,井出鬼子雄,いで　きしお,男,76,無所属,新,なし,,,,,,
世田谷区,,,,,,,,,,,,,,
,,ふじた孝行,ふじた　たかゆき,男,47,無所属,新,http://www.世田谷区ふじた孝行.tokyo/,,https://www.facebook.com/takayuki.fujita.SETAGAYA/,,,,
,,栗林のり子,くりばやし　のりこ,女,63,公明党,現,http://kurinori.net,https://twitter.com/kurinori_tokyo,https://www.facebook.com/kuribayashi.noriko.1,,,,
,,桜井純子,さくらい　じゅんこ,女,53,社会民主党,新,http://www.sakuraijunko.com,,,,,,
,,山口拓,やまぐち　たく,男,44,民進党,元,http://www.taku.jp,https://twitter.com/taku_yamaguchi,https://www.facebook.com/taku.yamaguchi.setagaya/,,https://www.instagram.com/yamaguchitaku/,,
,,小松ダイスケ,こまつ　だいすけ,男,39,自由民主党,現,http://komatsudaisuke.com,https://twitter.com/komatsu_daisuke,https://www.facebook.com/komatsu.daisuke.official/,,,,
,,川合善大,かわい　よしお,男,69,無所属,新,http://www.kw224.com,,,,,,
,,伊沢浩美,いざわ　ひろみ,女,52,地方議員ゼロの会,新,https://www.chihougiinzero-no-kai.com,,,,,,
,,後藤雄一,ごとう　ゆういち,男,67,行革110番,元,http://www.gyoukaku110ban.jp,,,,,,
,,ひえしま進,ひえしま　すすむ,男,40,日本維新の会,新,http://hieshimasusumu.jp/,https://twitter.com/hieshima_susumu,https://www.facebook.com/hieshimasusumutokyo,,,,
,,マック赤坂,まっくあかさか,男,68,無所属,新,http://smileparty.info,,,,,,
,,岡本京子,おかもと　きょうこ,女,59,東京・生活者ネットワーク,新,http://okamoto.seikatsusha.me/,https://twitter.com/okamotonet,,,,,
,,福島りえこ,ふくしま　りえこ,女,46,都民ファーストの会,新,https://www.facebook.com/tomin1setagaya.tokyo,,https://www.facebook.com/tomin1setagaya.tokyo#,,,,
,,木村基成,きむら　もとなり,男,47,都民ファーストの会,現,http://www.motonari-kimura.info,,https://ja-jp.facebook.com/kimura.motonari/,,,,
,,里吉ゆみ,さとよし　ゆみ,女,50,日本共産党,現,http://www.jcp-setagaya.jp/satoyosi/,https://twitter.com/yumisatoyoshi?lang=ja,https://www.facebook.com/yumi.satoyoshi,https://www.youtube.com/channel/UCz6R6mbXuxCDSrEP8a5i9iw,,,
,,三浦しずか,みうら　しずか,女,64,無所属,新,http://miurashizuka.jp/,https://twitter.com/shibuyasailors,https://www.facebook.com/shibuya.sailors/,,,,
,,大場やすのぶ,おおば　やすのぶ,男,69,自由民主党,現,http://yasunobu-oba.jp,,http://www.facebook.com/yasunobu.ohba,,,,
,,森ふみお,もり　ふみお,男,69,無所属,新,なし,,,,,,
,,三宅しげき,みやけ　しげき,男,67,自由民主党,現,http://www.miyake.setagaya.tokyo.jp,,http://www.facebook.com/MiyakeShigeki,,,,
渋谷区,,,,,,,,,,,,,,
,,浜田ひろき,はまだ　ひろき,男,39,民進党,新,http://hamada.to/,,,,,,
,,大津ひろ子,おおつ　ひろこ,女,57,無所属,現,http://www.o2net.jp,,http://www.facebook.com/o2hiroko,,,,
,,龍円あいり　,りゅうえん　あいり,女,40,都民ファーストの会,新,http://airi-ryuen.com/,,https://www.facebook.com/airi.ryuen.shibuya/,,,,
,,前田かずしげ,まえだ　かずしげ,男,47,自由民主党,現,http://maekaz.com,https://twitter.com/nonnokokazun,https://www.facebook.com/maeda.kazushige.tokyo,,,,
,,おりかさ裕治,おりかさ　ゆうじ,男,59,日本共産党,新,なし,,,,,,
中野区,,,,,,,,,,,,,,
,,荒木ちはる,あらき　ちはる,女,35,都民ファーストの会,新,http://araki-chiharu.com,https://twitter.com/@araki_chiharu,https://www.facebook.com/chiharu.araki.52,,,,
,,西沢けいた,にしざわ　けいた,男,37,民進党,現,http://24zawa.jp,https://twitter.com/nishizawakeita,https://www.facebook.com/keita.nishizawa.9/,,https://www.instagram.com/keita_nishizawa/,,
,,しらかし貴子,しらかし　たかこ,女,33,幸福実現党,新,http://sirakashi.net/,,,,,,
,,浦野さとみ,うらの　さとみ,女,36,日本共産党,新,http://urano-satomi.jp,https://twitter.com/urano_satomi,https://www.facebook.com/urano.satomi?ref=tn_tnmn,,,,
,,高倉良生,たかくら　りょうせい,男,60,公明党,現,http://www.komei.or.jp/km/takakura-ryosei/,https://twitter.com/tryosei,,,,,
,,川井しげお,かわい　しげお,男,69,自由民主党,現,http://kawai-shigeo.jp,,,,,,
杉並区,,,,,,,,,,,,,,
,,田中朝子,たなか　あさこ,女,57,民進党,現,http://tanakaasako.com,,https://www.facebook.com/tanakaasakooffice/,,,,
,,小松久子,こまつ　ひさこ,女,64,東京・生活者ネットワーク,現,http://komatsu.seikatsusha.me/,https://twitter.com/komachisa,https://www.facebook.com/hisako.komatsu1,,,,
,,あかねがくぼかよ子,あかねがくぼ　かよこ,女,41,都民ファーストの会,新,http://a-kayo.com,https://twitter.com/k_akanegakubo,https://www.facebook.com/akanegakubokayoko/,,,,
,,原田あきら,はらだ　あきら,男,42,日本共産党,新,http://www.yuiyuidori.net/jcpskd-harada/,http://twitter.com/harada_akira,,,,,
,,高橋しょうご,たかはし　しょうご,男,33,無所属,新,http://ameblo.jp/shogotakahashi-tosei,,,,,,
,,北島くにひこ,きたじま　くにひこ,男,57,都政を革新する会,新,http://www.tokakushin.org/wp/,https://twitter.com/kjmirai,,,,,
,,小宮あんり,こみや　あんり,女,41,自由民主党,現,http://www.komiya-anri.com/,,,,,,
,,西村まさみ,にしむら　まさみ,女,53,民進党,新,http://www.nishimura-masami.tokyo,,,,,,
,,まつば多美子,まつば　たみこ,女,54,公明党,現,http://www.tamichan.net/,,https://www.facebook.com/%E3%81%BE%E3%81%A4%E3%81%B0%E5%A4%9A%E7%BE%8E%E5%AD%90-1145822075512440/,,,,
,,鳥居こうすけ,とりい　こうすけ,男,46,都民ファーストの会,新,https://www.toriikosuke.info,,,,,,
,,早坂よしひろ,はやさか　よしひろ,男,48,自由民主党,現,http://www.tokyo-hayasaka.com,https://twitter.com/mrbousai,https://www.facebook.com/yoshihiro.hayasaka.7,http://www.youtube.com/user/mrbousai,,,
,,菅沢治希,すがさわ　はるき,男,34,地方議員ゼロの会,新,https://www.chihougiinzero-no-kai.com,,,,,,
豊島区,,,,,,,,,,,,,,
,,泉谷つよし,いづみや　つよし,男,51,民進党,元,なし,,,,,,
,,本橋ひろたか,もとはし　ひろたか,男,55,都民ファーストの会,新,http://www.motohashi-hirotaka.jp,https://twitter.com/mr_motohashi,https://www.facebook.com/tominfirst7/,,,,
,,堀こうどう,ほり　こうどう,男,52,自由民主党,現,http://www.hori-koudou.com/,https://twitter.com/horikoudou1964,http://www.facebook.com/horikoudou,,,,
,,米倉春奈,よねくら　はるな,女,29,日本共産党,現,http://kouho.jcp-tokyo.net/yonekura/,https://twitter.com/yonekura_haruna,https://www.facebook.com/yonekuraharuna/,https://www.youtube.com/playlist?list=PLHsLS2_dxXZAKb6uvypaUmGmzpo53_c7X,,,
,,長橋けい一,ながはし　けいいち,男,60,公明党,現,http://www.komei.or.jp/km/tokyo-nagahashi-keiichi/,https://twitter.com/nagahashikeiich,https://www.facebook.com/nagahashikeiichitoshima/,,,,
北区,,,,,,,,,,,,,,
,,おときた駿,おときた　しゅん,男,33,都民ファーストの会,現,http://otokitashun.com/,https://twitter.com/otokita,http://www.facebook.com/otokitashun,,,https://plus.google.com/u/0/112321612788215374984/posts?rel=author,
,,そねはじめ,そね　はじめ,男,65,日本共産党,現,http://sonehajime.com/,https://twitter.com/sone_hajime,https://www.facebook.com/profile.php?id=100005299354592&fref=ts,,,,
,,和田宗春,わだ　むねはる,男,73,民進党,元,http://www.wadamune.jp/,,,,,,
,,高木けい,たかぎ　けい,男,52,自由民主党,現,http://takagi-kei.com/index.php,https://twitter.com/tocho_koho,https://www.facebook.com/tochokoho,,,,
,,大松あきら,おおまつ　あきら,男,56,公明党,現,http://www.oomatsu.com/,https://twitter.com/akiraoomatsu,https://www.facebook.com/oomatsuakira/,https://www.youtube.com/user/akiraoomatsu,,,
荒川区,,,,,,,,,,,,,,
,,たきぐち学,たきぐち　がく,男,46,無所属,元,http://t-gaku.com/,https://twitter.com/#!/takiguchigaku,https://www.facebook.com/gaku.takiguchi,,,,
,,西野アキラ,にしの　あきら,男,40,幸福実現党,新,https://www.facebook.com/nishino.akira7777,,https://www.facebook.com/allactivity?privacy_source=activity_log_top_menu,,,,
,,けいの信一,けいの　しんいち,男,41,公明党,新,http://www.komei.or.jp/km/keino/,https://twitter.com/KeinoShinichi,https://www.facebook.com/keino.shinichi,https://www.youtube.com/channel/UCrti02tDmyM-uKxJw4ovPeA,https://www.instagram.com/keino_shinichi/,,
,,さきやま知尚,さきやま　ちしょう,男,51,自由民主党,現,http://www.sakiyama-c.jp/,https://twitter.com/tokyojimin,,,,,
,,山本ごう,やまもと　ごう,男,39,無所属,新,https://twitter.com/gohhog1,https://twitter.com/gohhog1#timeline,,,,,
,,相馬けんいち,そうま　けんいち,男,63,日本共産党,新,http://kouho.jcp-tokyo.net/souma,,,,,,
,,宮本しゅんま,みやもと　しゅんま,男,26,無所属,新,https://mobile.twitter.com/cocomirakai,,,,,,
板橋区,,,,,,,,,,,,,,
,,宮瀬英治,みやせ　えいじ,男,40,民進党,現,http://miyase-eiji.net/,https://twitter.com/miyase_eiji,https://www.facebook.com/miyase.eiji.yourparty,http://www.youtube.com/channel/UCAcHLDY9UbMVjNrp7w03L9A,,,
,,くまき美奈子,くまき　みなこ,女,55,無所属,元,http://kumakiminako.jp/,https://twitter.com/kumaki_minako,https://www.facebook.com/くまき美奈子事務所-1667222106839710/,,,,
,,安原ひろし,やすはら　ひろし,男,27,幸福実現党,新,http://s.ameblo.jp/h-yasuhara11/,,,,,,
,,たちばな正剛,たちばな　せいごう,男,64,公明党,現,http://www.komei.or.jp/km/tokyo-tachibana-seigo/,https://twitter.com/voiceaction2016,https://www.facebook.com/tachibana.seigou?fref=ts,https://www.youtube.com/watch?v=djAQCuZSGa4&authuser=0,,,
,,河野ゆうき,こうの　ゆうき,男,47,自由民主党,現,http://www.kouno.tokyo.jp/,,,,,,
,,木下ふみこ,きのした　ふみこ,女,50,都民ファーストの会,新,http://www.k-fumiko.jp,http://twitter.com/kinoshitafumiko,https://www.facebook.com/kinoshitafumiko/,https://www.youtube.com/channel/UCGh_OTQNFAZOJRauhLlEKWw,,,
,,平けいしょう,たいら　けいしょう,男,29,都民ファーストの会,新,http://www.tairakeisyo.com/,,,,,,
,,松田やすまさ,まつだ　やすまさ,男,40,自由民主党,現,http://yasumasa-matsuda.info,,,,,,
,,とくとめ道信,とくとめ　みちのぶ,男,65,日本共産党,現,http://m-tokutome.com/,,https://www.facebook.com/mitinobu.tokutome,https://www.youtube.com/channel/UCEfnRgUhXtO8wpyOoNYmAwg,,,
,,佐上彰浩,さがみ　あきひろ,男,46,無所属,新,Twitterのユーザー名　AkihiroSagami,https://twitter.com/AkihiroSagami,,,,,
練馬区,,,,,,,,,,,,,,
,,渋谷誠,しぶや　まこと,男,53,環境党,新,http://www.kankyotou.jp,https://twitter.com/kankyotou,https://www.facebook.com/kankyotou.shibuya,,,,
,,あさの克彦,あさの　かつひこ,男,42,民進党,現,http://asano-k.net,https://twitter.com/katsuhikoasano,https://www.facebook.com/asanokatsuhiko/?fref=ts,https://www.youtube.com/channel/UC1rVC6-s2qN3IezLj2NFr8g,,https://plus.google.com/u/0/103812044711630915781/,
,,藤井とものり,ふじい　とものり,男,41,民進党,新,https://ameblo.jp/fujiitomonori-nerima/,,,,,,
,,とや英津子,とや　えつこ,女,53,日本共産党,新,http://toya-jcp.info,https://twitter.com/@estukotoya,https://www.facebook.com/toyasuppo/,https://www.youtube.com/channel/UCHxMqIdlEM_4xTDZv1Wo8IA,,,
,,小林けんじ,こばやし　けんじ,男,47,公明党,現,http://kobaken-komei.com,https://twitter.com/kobaken_komei,https://www.facebook.com/kobaken.komei,http://www.youtube.com/tokyo/,,,
,,やまかあけみ,やまか　あけみ,女,63,自由民主党,現,http://www.yamaka-akemi.jp/,,http://www.facebook.com/yamaka.akemi,,,,
,,しばざき幹男,しばざき　みきお,男,61,自由民主党,現,http://www.shibazaki-mikio.jp/,,https://www.facebook.com/mikio.shibazaki?fref=ts,,,,
,,きくちやすえ,きくち　やすえ,女,54,東京・生活者ネットワーク,新,http://kikuchi.seikatsusha.me,,https://www.facebook.com/yasue.kikuchi.714,,,,
,,おじま紘平,おじま　こうへい,男,28,都民ファーストの会,新,http://ojimakohei.jp,https://twitter.com/ojimakohei,,,,,
,,村松一希,むらまつ　かずき,男,36,都民ファーストの会,新,http://k-muramatsu.com,,,,,,
足立区,,,,,,,,,,,,,,
,,鈴木かつひろ,すずき　かつひろ,男,59,日本維新の会,元,http://suzukikatsuhiro.jp/,http://twitter.com/katsuhirokatsu,http://www.facebook.com/katsuhiro.suzuki.35,https://www.youtube.com/channel/UC2fCJ_aRZ2CIL0m5Whv68DQ,,,
,,銀川ゆい子,ぎんかわ　ゆいこ,女,31,民進党,新,http://ginkawa.org,https://twitter.com/yuikoginkawa,https://www.facebook.com/%E9%8A%80%E5%B7%9D-%E3%82%86%E3%81%84%E5%AD%90-110359972836817/,,,,
,,ばば信男,ばば　のぶお,男,56,都民ファーストの会,新,http://www.babanobuo.com/,https://twitter.com/@babanobuo,https://www.facebook.com/babanobuo2017/,,,,
,,ほっち易隆,ほっち　やすたか,男,41,自由民主党,現,http://hotchi.jp/,https://twitter.com/hotci0323/,https://www.facebook.com/328hochi/,https://www.youtube.com/channel/UCgSWqMvVanGIdBalRsx0BuQ,,,
,,中山信行,なかやま　のぶゆき,男,58,公明党,現,http://nakayama.bg1.jp/,https://twitter.com/@nobudon7,https://www.facebook.com/adachi.nakayama/,,,,
,,後藤なみ,ごとう　なみ,女,30,都民ファーストの会,新,https://gotonami.com,https://twitter.com/@gotonami_Tomin1,https://www.facebook.com/GotoNamiTomin1st/,,,,
,,斉藤まりこ,さいとう　まりこ,女,42,日本共産党,新,http://saito-mariko.info/,https://twitter.com/＠tsukuttenet,https://www.facebook.com/marikojimusyo/,https://www.youtube.com/channel/UCVjtiClqlcfvi901PvRxwQA,,,
,,うすい浩一,うすい　こういち,男,57,公明党,新,http://usui-kouichi.net/,https://twitter.com/‎@maikana5155,https://www.facebook.com/%E3%81%86%E3%81%99%E3%81%84-%E6%B5%A9%E4%B8%80-336533063210111/,https://www.youtube.com/playlist?list=PLiMlUyKZToik4JRmmcyurTQBxCwk3YsEG,,,
,,髙島なおき,たかしま　なおき,男,67,自由民主党,現,http://www.zenryoku.net,,https://www.facebook.com/takashima.naoki.adachiku,https://www.youtube.com/watch?v=SHwz-Un-qLU,,,
葛飾区,,,,,,,,,,,,,,
,,米山真吾,よねやま　しんご,男,47,民進党,新,http://www.yoneyama-shingo.com,,https://www.facebook.com/yoneyamasingo/,,,,
,,のがみ純子,のがみ　じゅんこ,女,64,公明党,現,http://www.nogami-junko.net,https://twitter.com/@junko_nogami116,https://www.facebook.com/junko.nogami.9,,,,
,,谷野せいしろう,たにの　せいしろう,男,75,区民ファーストの会,新,http://tanino-seishiro.com/,,https://www.facebook.com/seishiro.tanino/,,,,
,,米川大二郎,よねかわ　だいじろう,男,49,都民ファーストの会,新,http://yonekawadaijiro.jp/,,,,,,
,,いずみ武彦,いずみ　たけひこ,男,48,自由民主党,現,http://izumitakehiko.com,https://twitter.com/tizumihcc,https://www.facebook.com/togikaigiin/?fref=ts,https://www.youtube.com/channel/UC_d4HaTDB9aqCyKu_lDmQFg,,,
,,舟坂ちかお,ふなさか　ちかお,男,69,自由民主党,現,http://www.funasaka-chikao.com/,,https://m.facebook.com/funasaka.tikao,,,,
,,和泉なおみ,いずみ　なおみ,女,55,日本共産党,現,https://blogs.yahoo.co.jp/izumi_jmsy,https://twitter.com/6r58TQPgxTLCO7T,https://www.facebook.com/izumijmsy/?ref=aymt_homepage_panel,,,,
,,立花孝志,たちばな　たかし,男,49,NHKから国民を守る党,新,http://nhkkara.jp/,https://twitter.com/tachibanat,https://www.facebook.com/takashi.tachibana.965,http://www.youtube.com/channel/UCatwlXd46XYr0LftyBdx1bg,,,
江戸川区,,,,,,,,,,,,,,
,,田の上いくこ,たのうえ　いくこ,女,47,都民ファーストの会,元,http://ikuko-tanoue.com/,https://twitter.com/@IKUKOTANN,https://www.facebook.com/1ikukotanoue/,,,,
,,たじま和明,たじま　かずあき,男,66,自由民主党,現,なし,,,,,,
,,上田令子,うえだ　れいこ,女,52,都民ファーストの会,現,http://www.ueda-reiko.com,https://twitter.com/uedareiko,http://www.facebook.com/people/%E4%B8%8A%E7%94%B0%E4%BB%A4%E5%AD%90/100001671249017,http://www.youtube.com/user/reikoueda,,,
,,上野和彦,うえの　かずひこ,男,64,公明党,現,http://www.ueno-net.com,,,,,,
,,河野ゆりえ,こうの　ゆりえ,女,67,日本共産党,現,http://yurie-kouno.com/,,,,,,
,,宇田川さとし,うだがわ　さとし,男,52,自由民主党,現,http://www.udagawa.tv,,,,,,
八王子市,,,,,,,,,,,,,,
,,滝田やすひこ,たきた　やすひこ,男,35,都民ファーストの会,新,https://yasuhiko-takita.com/,,,,,,
,,清水ひで子,しみず　ひでこ,女,65,日本共産党,現,http://www.simizu-h.com,https://twitter.com/SimizuHideko,https://ja-jp.facebook.com/people/Hideko-Simizu/100001013727602,,,,
,,もろずみみのる,もろずみ　みのる,男,55,都民ファーストの会,現,http://www.morozumi-minoru.jp,https://twitter.com/morozumi_m?ref_src=twsrc%5Etfw,https://www.facebook.com/minoru.morozumi,,,,
,,安藤おさみ,あんどう　おさみ,男,37,民進党,新,http://www.osami-ando.com,,https://www.facebook.com/Ando-Osami-official-117418392139232/,,,,
,,伊藤しょうこう,いとう　しょうこう,男,48,自由民主党,新,http://park20.wakwak.com/~shoko/,,,,,,
,,滝沢景一,たきざわ　けいいち,男,51,無所属,元,http://k-takizawa.com,,,,,,
,,東村くにひろ,ひがしむら　くにひろ,男,55,公明党,現,http://www.k-higashimura.com,,https://www.facebook.com/higashimurakunihiro/,https://www.youtube.com/user/HigashimuraKunihiro,,,
,,鈴木レオ,すずき　れお,男,39,自由民主党,新,http://www.leo-leo.jp,https://twitter.com/leosuzuki,,,,,
,,岡村みきお,おかむら　みきお,男,60,日本第一党,新,https://m-okamura.japan-first.net/,https://twitter.com/mvk3237,,,,,
立川市,,,,,,,,,,,,,,
,,酒井大史,さかい　だいし,男,49,無所属,現,http://www.sakai-tachikawa.tokyo,,,,,,
,,増田いちろう,ますだ　いちろう,男,52,都民ファーストの会,新,http://ichiro-masuda.tokyo/,https://twitter.com/ichiro_tachikaw,,,,,
,,清水こうじ,しみず　こうじ,男,51,自由民主党,現,http://koji-s.net/,,https://www.facebook.com/profile.php?id=100015540737018,,,,
,,浅川修一,あさかわ　しゅういち,男,62,日本共産党,元,http://kouho.jcp-tokyo.net/asakawa/,https://twitter.com/asakawasyuuitij,,,,,
武蔵野市,,,,,,,,,,,,,,
,,島崎よしじ,しまざき　よしじ,男,51,自由民主党,現,http://shimazakiyoshiji.com,,,,,,
,,鈴木くにかず,すずき　くにかず,男,28,都民ファーストの会,新,https://kunikazu.jp,https://twitter.com/kunikazu_suzuki,https://www.facebook.com/%E9%88%B4%E6%9C%A8-%E9%82%A6%E5%92%8C-238352469976411/,,,,
,,松下玲子,まつした　れいこ,女,46,民進党,元,http://015.bz/,https://twitter.com/matsushitareiko/,https://www.facebook.com/matsushitareiko/posts/1602359983108445,https://www.youtube.com/channel/UCv3_0Nj2zTqN0r0lovmdGHA/,,,
三鷹市,,,,,,,,,,,,,,
,,中村ひろし,なかむら　ひろし,男,45,民進党,現,http://nakamurahiroshi.jpn.org/,https://twitter.com/Nakamura_Mitaka,https://www.facebook.com/nakamurahiroshi1971/photos/a.679856668753840.1073741829.673607522712088/1512443622161803/?type=3,,,,
,,加藤こうじ,かとう　こうじ,男,50,自由民主党,新,http://katokoji.tokyo/,https://twitter.com/@kato_koji,https://www.facebook.com/abeshinzo,,,,
,,むろ喜代一,むろ　きよかず,男,61,日本共産党,新,http://twitter.com/jcpmuro,https://twitter.com/jcpmuro#timeline,,,,,
,,山田ひろし,やまだ　ひろし,男,32,都民ファーストの会,新,http://yamadahiroshi.jp/,https://twitter.com/tomin1yamada,https://www.facebook.com/山田ひろし-都民ファーストの会三鷹-297208480724325,,,,
青梅市,,,,,,,,,,,,,,
,,つるた一忠,つるた　かずただ,男,72,無所属,新,なし,,,,,,
,,森村たかゆき,もりむら　たかゆき,男,43,都民ファーストの会,新,https://morimura.tokyo,https://twitter.com/@morimurataka,https://www.facebook.com/morimuratakayuki/,,,,
,,野村有信,のむら　ありのぶ,男,76,自由民主党,現,http://www.nomura-arinobu.com/,https://twitter.com/nomuraarinobu,https://www.facebook.com/arinobu.nomura/,,,,
府中市,,,,,,,,,,,,,,
,,鈴木きんじ,すずき　きんじ,男,61,自由民主党,現,http://s-kinji.com,,,,,,
,,からさわ地平,からさわ　ちへい,男,28,日本共産党,新,http://jcp-fuchu.com/karasawa-c/,,https://www.facebook.com/chihei.karasawa?,,,,
,,藤井あきら,ふじい　あきら,男,35,都民ファーストの会,新,http://fujiiakira.tokyo/,https://twitter.com/FujiiAkiraTokyo,https://www.facebook.com/FujiiAkiraTokyo/,,,,
,,小山くにひこ,こやま　くにひこ,男,41,都民ファーストの会,現,http://www.koyama.be,https://twitter.com/KoyamaKunihiko,,http://www.youtube.com/channel/UC-p252ry2fLiG0F-jYAhC-g/videos,,,
昭島市,,,,,,,,,,,,,,
,,中村たけし,なかむら　たけし,男,41,自由民主党,新,http://www.takeshinakamura.jp/,https://twitter.com/home?status=http%3A//www.takeshinakamura.jp/election/,https://www.facebook.com/takeshi.nakamura.543908,,,,
,,内山真吾,うちやま　しんご,男,37,都民ファーストの会,新,http://ameblo.jp/boxer-shingo/,,,,,,
,,奥村ひろし,おくむら　ひろし,男,66,日本共産党,新,なし,,,,,,
町田市,,,,,,,,,,,,,,
,,池川友一,いけがわ　ゆういち,男,32,日本共産党,新,http://blog.goo.ne.jp/u1_ikegawa,https://twitter.com/hashtag/%E7%94%BA%E7%94%B0?src=hash,https://www.facebook.com/blog.goo.ne.jp,,,,
,,今村るか,いまむら　るか,男,48,民進党,現,http://rukaruka.info,,,,,,
,,えびさわ由紀,えびさわ　ゆき,女,43,日本維新の会,新,https://ebisawayuki.com,https://twitter.com/@ebisawayuki,https://www.facebook.com/ebisawayuki.tokyo/,,,,
,,よしわら修,よしわら　おさむ,男,61,自由民主党,現,http://www.yoshiwara.jp/,,https://www.facebook.com/yoshiwara,,,https://plus.google.com/110699824227132898523,
,,おくざわ高広,おくざわ　たかひろ,男,35,都民ファーストの会,新,http://okuzawa-takahiro.com/,,https://www.facebook.com/1927884604107779/posts/1990583071171265,,,,
,,上田てつじ,うえだ　てつじ,男,57,幸福実現党,新,http://www.ueda-tetsuji.net,https://twitter.com/ueda_tetsuji,,,,,
,,こいそ善彦,こいそ　よしひこ,男,62,公明党,現,http://www.komei.or.jp/km/koiso-yoshihiko/,https://twitter.com/komei_koho,,,,,
,,市川勝斗,いちかわ　まさと,男,40,自由民主党,新,http://ichikawa-m.jp,,,,,,
小金井市,,,,,,,,,,,,,,
,,漢人あきこ,かんど　あきこ,女,57,無所属,新,http://kandoakiko.com,https://twitter.com/ctkoganei2017,https://www.facebook.com/%E3%83%81%E3%82%A7%E3%83%B3%E3%82%B8%E6%9D%B1%E4%BA%AC-1973630909536398/,https://www.youtube.com/watch?v=9DT8nN_DFwY,,,
,,朝倉法明,あさくら　のりあき,男,58,無所属,新,https://houmei1959.wixsite.com/asakurahoumei,,,,,,
,,うちこが宏,うちこが　ひろし,男,53,無所属,新,http://uchikoga.com,https://twitter.com/UchikogaHiroshi,https://www.facebook.com/uchikoga?hc_ref=NEWSFEED&fref=nf,,,,
,,広瀬まき,ひろせ　まき,女,35,自由民主党,新,http://hirose-maki.jp,https://twitter.com/@hiromaki0415,https://www.facebook.com/profile.php?id=100011441804563,,https://www.instagram.com/hiromaki1982/?hl=ja,,
,,つじの栄作,つじの　えいさく,男,48,都民ファーストの会,新,なし,,,,,,
小平市,,,,,,,,,,,,,,
,,高橋のぶひろ,たかはし　のぶひろ,男,70,自由民主党,現,http://nobuhiro-takahashi.net/,,https://m.facebook.com/profile.php?id=100016215701175,,https://www.instagram.com/takahashi.nobuhiro.jimin/,,
,,斉藤あつし,さいとう　あつし,男,50,民進党,現,http://saitoatsushi.com,,,,,,
,,鈴木大智,すずき　だいち,男,34,日本共産党,新,http://kouho.jcp-tokyo.net/suzuki/,https://twitter.com/JpKorochan,https://www.facebook.com/SuzukiDaichiJcp/,,,,
,,佐野いくお,さの　いくお,男,61,都民ファーストの会,新,http://snipesano.la.coocan.jp/,,,,,,
日野市,,,,,,,,,,,,,,
,,新井ともはる,あらい　ともはる,男,44,無所属,現,http://www.arai-tomoharu.com,,,,,,
,,菅原直志,すがわら　なおし,男,49,都民ファーストの会,新,https://www.facebook.com/naoshi.sugawara,,https://www.facebook.com/allactivity?privacy_source=activity_log_top_menu,,,,
,,古賀俊昭,こが　としあき,男,69,自由民主党,現,なし,,,,,,
,,中野あきと,なかの　あきと,男,48,日本共産党,新,http://www.中野あきと.jp,,https://www.facebook.com/jcpshimi,,,,
西東京市,,,,,,,,,,,,,,
,,山田忠昭,やまだ　ただあき,男,68,自由民主党,現,http://www.yamadatadaaki.net/,https://twitter.com/toYAMADAtadaaki,http://facebook.com/toYAMADAtadaaki,https://www.youtube.com/watch?v=JfOJ4f25l_Y,,,
,,桐山ひとみ,きりやま　ひとみ,女,46,都民ファーストの会,新,http://kiriyamahitomi.tokyo,,,,,,
,,中村すぐる,なかむら　すぐる,男,30,日本共産党,新,http://blog.goo.ne.jp/nakamura-suguru,https://twitter.com/goo_blog,https://www.facebook.com/blog.goo.ne.jp,,,,
,,石毛しげる,いしげ　しげる,男,64,無所属,現,http://www.ishige.info,,,,,,
西多摩,,,,,,,,,,,,,,
,,清水やすこ,しみず　やすこ,女,50,都民ファーストの会,新,なし,,,,,,
,,西村まさと,にしむら　まさと,男,50,日本共産党,新,なし,,,,,,
,,田村利光,たむら　としみつ,男,50,自由民主党,新,http://www.tamuratoshimitsu.com,https://twitter.com/toshimitutamura,https://www.facebook.com/tamura.toshimitsu/,https://www.youtube.com/channel/UCE_sl71j_2MyGtKugPUZjsA,,,
,,島田幸成,しまだ　ゆきなり,男,49,無所属,現,http://www.yukinari-shimada.net,,,,,,
南多摩,,,,,,,,,,,,,,
,,こいそ明,こいそ　あきら,男,65,自由民主党,現,http://www.a-koiso.com/main/,https://twitter.com/koiso_akira,https://www.facebook.com/togikai.koiso.akira,,https://www.instagram.com/office_koiso/,,
,,斉藤れいな,さいとう　れいな,女,38,都民ファーストの会,新,https://reina-saito.amebaownd.com,https://twitter.com/@amebaownd,,,,,
,,石川良一,いしかわ　りょういち,男,65,無所属,現,http://ryo1-inagi.com,https://twitter.com/ishikawaryo1,https://www.facebook.com/ISHIKAWA.RYOICHI.official/,https://www.youtube.com/channel/UC_484DaJXl07vNm8gXkGdHQ,https://www.instagram.com/ishikawa.ryo1/,,
,,菅原しげみ,すがわら　しげみ,女,68,日本共産党,新,http://sigemi-jimusyo.blogspot.jp/,https://twitter.com/@sigemi_jimusyo,,,,,
,,土居範洋,どい　のりひろ,男,35,無所属,新,http://doinorihiro.tokyo,https://twitter.com/norimati,https://www.facebook.com/doinorihiro.tokyo/,,https://www.instagram.com/rohirinoido/?hl=ja,,
北多摩第一,,,,,,,,,,,,,,
,,北久保まさみち,きたくぼ　まさみち,男,64,自由民主党,現,http://masamichi.d.dooo.jp,,,,,,
,,谷村たかひこ,たにむら　たかひこ,男,54,公明党,現,https://www.tanimuratakahiko.com/,,https://www.facebook.com/takahiko.tanimura/,,,,
,,尾崎あや子,おざき　あやこ,女,58,日本共産党,現,http://kouho.jcp-tokyo.net/ozaki/,https://twitter.com/ozaki_ayako,https://www.facebook.com/people/Ayako-Ozaki/100005935718833,https://www.youtube.com/channel/UCAyhvHieBxcQxAZgcPNgmwA,,,
,,関野たかなり,せきの　たかなり,男,43,都民ファーストの会,新,https://sekino-takanari.com/,https://twitter.com/takanaris,https://ja-jp.facebook.com/sekino.takanari/,,,,
,,鈴木たつお,すずき　たつお,男,48,民進党,新,http://tatsuo.tokyo/,https://twitter.com/tatsuosuzukitw/,https://www.facebook.com/tatsuo.suzuki.supporters.association/,,,,
,,やまうち章明,やまうち　しょうめい,男,64,無所属,新,なし,,,,,,
北多摩第二,,,,,,,,,,,,,,
,,山内れい子,やまうち　れいこ,女,61,東京・生活者ネットワーク,現,http://yamauchi.seikatsusha.me,,https://www.facebook.com/reiko.yamauchi.733,,,,
,,たかすぎ健一,たかすぎ　けんいち,男,66,自由民主党,現,http://www.takasugikenichi.com,,https://www.facebook.com/%E3%81%9F%E3%81%8B%E3%81%99%E3%81%8E%E5%81%A5%E4%B8%80%E3%83%9A%E3%83%BC%E3%82%B8-1226101997516364/,,,,
,,おきつひでのり,おきつ　ひでのり,男,60,民進党,元,https://okitsu.tokyo/,,https://www.facebook.com/okitsu.hidenori/,,,,
,,岡本こうき,おかもと　こうき,男,34,都民ファーストの会,新,なし,,,,,,
北多摩第三,,,,,,,,,,,,,,
,,尾崎大介,おざき　だいすけ,男,43,無所属,現,http://ozaki-daisuke.com,,https://www.facebook.com/ozakidaisuke74,http://www.youtube.com/user/ozakidaisuke1,,,
,,いび匡利,いび　まさとし,男,53,日本共産党,新,http://www.ibimasatoshi.tokyo/,,,,,,
,,中島よしお,なかじま　よしお,男,67,公明党,現,http://nakajimanet.com/,https://twitter.com/nakajimayoshio,https://www.facebook.com/yoshio.nakajima.tokyo/,https://www.youtube.com/user/yoshionakajima/,,,
,,小野寺とおる,おのでら　とおる,男,48,無所属,新,なし,,,,,,
,,栗山よしゆき,くりやま　よしゆき,男,58,自由民主党,現,http://yoshiyuki.my.coocan.jp,https://twitter.com/201Kuriyama,https://www.facebook.com/yoshiyuki.kuriyama.12?hc_location=stream,,,,
,,新井匠,あらい　たくみ,男,48,無所属,新,http://araitakumi.com,,,,,,
北多摩第四,,,,,,,,,,,,,,
,,原のり子,はら　のりこ,女,51,日本共産党,新,http://hara-noriko.info,https://twitter.com/＠haranoriko0917,https://www.facebook.com/profile.php?id=100013886319679,,,,
,,山下太郎,やました　たろう,男,44,無所属,現,http://www.yamashitataro.com/,,,,,,
,,野島善司,のじま　ぜんじ,男,68,自由民主党,現,http://www.nojizen.jp,https://twitter.com/NojizenJimusyo,https://www.facebook.com/%E9%87%8E%E5%B3%B6%E5%96%84%E5%8F%B8%E4%BA%8B%E5%8B%99%E6%89%80-1520779881319418/,,https://www.instagram.com/nojizen.jimusyo/,,
,,細谷しょうこ,ほそや　しょうこ,女,63,都民ファーストの会,新,なし,,,,,,
島部,,,,,,,,,,,,,,
,,綾とおる,あや　とおる,男,64,日本共産党,新,なし,,,,,,
,,山下崇,やました　そう,男,44,都民ファーストの会,新,http://so-yamashita.com/,,https://www.facebook.com/so.yamashita.islands/?fref=ts,,,,
,,三宅正彦,みやけ　まさひこ,男,45,自由民主党,現,http://www.miyake-masahiko.jp,,,,,,
